{
  "ordenes:": [
    {
      "num_orden": 123445,
      "cliente": "Multitiendas Sigma SA",
      "monto": 1540000,
      "cant_productos": 160,
      "fecha_entrega": "2020-07-20T00:00:00.000Z",
      "avance_preparacion": 0,
      "estado": "Ingresado"
    },
    {
      "num_orden": 123444,
      "cliente": "Jugueteria Asimov SpA",
      "monto": 980000,
      "cant_productos": 45,
      "fecha_entrega": "2020-07-20T00:00:00.000Z",
      "avance_preparacion": 0.4,
      "estado": "Preparacion"
    },
    {
      "num_orden": 123443,
      "cliente": "Bazar Don Lalo LDTA",
      "monto": 2400000,
      "cant_productos": 120,
      "fecha_entrega": "2020-07-18T00:00:00.000Z",
      "avance_preparacion": 0.6,
      "estado": "Preparacion"
    },
    {
      "num_orden": 123441,
      "cliente": "Claudia Ingrid Romero",
      "monto": 1740000,
      "cant_productos": 70,
      "fecha_entrega": "2020-07-14T00:00:00.000Z",
      "avance_preparacion": 1,
      "estado": "Entregado"
    }
  ],
  "pagedResult": {
    "page": 1,
    "size": 10,
    "total": 4
  }
}